Name,Address,City,Country,Phone Number,Fax Number,URL,Email,Contact Name,Contact Phone,Contact Email
Biesanz Stone Co.,4600 Goodview Rd.,"Winona, MN 55987",United States,(507) 454-4336,(507) 454-8140,https://www.biesanzstone.com,rgavin@biesanzstone.com,"Ryan Gavin, V.P. Bus. Mgr. / Controller",(507) 454-4336,rgavin@biesanzstone.com
Swenson Stone Consultants Ltd.,69 Lebanon St.,"Hanover, NH 03755",United States,(603) 643-0363,(603) 643-0255,https://www.swensonstone.com,contact@swensonstone.com,"Edward Eglin, V.P.",(603) 643-0363,edward@swensonstone.com
Park Industries®,6301 Saukview Dr. P.O. Box 188,"St. Cloud, MN 56302",United States,(320) 251-5077,(320) 251-8126,https://www.parkindustries.com,park@parkindustries.com,"Craig Pfannenstein, Mktg. Strategist Mgr.",(320) 229-3479,cpfannenstein@parkindustries.com
Russell Stone Products,2640 Greenville Pike,"Grampian, PA 16838",United States,(814) 236-2449,(814) 236-7482,https://www.russellstoneproducts.com,dan@russellstoneproducts.com,Daniel Russell,(814) 236-2449,dan@russellstoneproducts.com
Vermont Quarries Corp.,1591 U.S. Rte. 4,"Mendon, VT 05701",United States,(802) 775-1065,(802) 775-1369,https://www.vermontquarries.com,peter@vermontquarries.com,Peter Prvulovic,(802) 775-1065,peter@vermontquarries.com
Prodim USA,7454 Commercial Cir.,"Ft. Pierce, FL 34951",United States,(888) 229-3328,(772) 465-8700,https://www.prodim-systems.com,info@prodimusa.com,"Zach Harris, Sales",(772) 465-4000,z.harris@prodimusa.com
Miles Supply Inc.,143 Boynton St.,"Barre, VT 05641",United States,(802) 476-3963,(802) 476-3954,https://www.milessupply.com,sales@milessupply.com,"Eric Chaloux, Sales Mgr.",(802) 476-3963,sales@milessupply.com
AmeriSink Inc.,835 Fremont Ave.,"San Leandro, CA 94577",United States,(510) 667-9998,(510) 667-3775,https://www.amerisink.com,info@amerisink.com,"Bernice Jensen, V.P.-Sales",(510) 667-9998,bernice@amerisink.us
Wilson Industrial Electric Inc.,1124 Willie Black Rd. P.O. Box 1058,"Elberton, GA 30635",United States,(706) 213-6725,(706) 283-8046,https://www.wilsonsaws.com,wilsonsaws.wie@outlook.com,"Melissa W. Black, CFO/ Co-Owner",(706) 213-6725,melissab.wie@outlook.com
Ascentium Capital,23970 Hwy. 59 N.,"Kingwood, TX 77339",United States,(281) 883-5005,(281) 570-1605,https://www.ascentiumcapital.com,tonyzieglar@ascentiumcapital.com,"Tony Zieglar, V.P. - Sales",(281) 883-5005,tonyzieglar@ascentiumcapital.com
"Breton S.p.A., Stone Machinery",Via Garibaldi 27,"Castello di Godego (TV), 31030",Italy,(39) 0423-7691,(39) 0423-769600,https://www.breton.it/en/stone,info@breton.it,Not Provided,Not Provided,Not Provided
BLICK INDUSTRIES,2245 Laguna Canyon Rd.,"Laguna Beach, CA 92651",United States,(949) 499-5026,(949) 499-1398,https://www.blickindustries.com,info@blickindustries.com,"Dave Masinter, Sales Mgr.",(949) 499-5026,dave@blickindustries.com
Omni Cubed,3870 Dividend Dr.,"Shingle Springs, CA 95682",United States,(877) 311-1976,(530) 303-3416,Not Provided,Not Provided,"Merv Campbell, Gen. Mgr.",(916) 833-9302,Not Provided
Marmoles Emerex SL,"CV 840, Km. 26 Poligono Monte Coto","Pinoso, 03650",Spain,34-60963-0884,Not Provided,Not Provided,Not Provided,"Jose Roman, Mgr.",0034609630884,Not Provided
Omag S.p.A.,"Via Stezzano, 31","24050 Zanica (Bergamo), 24050",Italy,39-035-670070,39-035-670259,Not Provided,Not Provided,"Michela Innocenti, Cust. Care",39035670070,Not Provided
Durango Stone LLC,7946 E. McClain Dr.,"Scottsdale, AZ 85260",United States,(602) 438-1001,(602) 438-6888,Not Provided,Not Provided,"Frank Cunningham, CEO",(602) 438-1001,Not Provided
"Pac Western Financial, Line of Credit and Working Capital Financing","222 S. Main St., 5th Fl.","Salt Lake City, UT 84101",United States,(603) 715-7777,Not Provided,Not Provided,Not Provided,"Tad Dube, CSO",(801) 769-6105,Not Provided
"TAB, Corp. Head Office",502 Apex Mall Tonk Rd.,"Jaipur, 302015",India,91-141-2744200,91-141-2744500,Not Provided,Not Provided,Not Provided,Not Provided,Not Provided
Domestic Marble & Stone Corp.,"264 W. 40th St., 9th Fl.","New York, NY 10018",United States,(212) 343-3300,(212) 343-3301,Not Provided,Not Provided,Not Provided,Not Provided,Not Provided
Jet Edge,12070 43rd St. N.E.,"St. Michael, MN 55376",United States,(763) 497-8700,(763) 497-8701,Not Provided,Not Provided,"Steve Murray, Mktg. Mgr.",(763) 497-8700,Not Provided
"Annandale Quarries, Annandale Sandstone",224 Goff Station Rd.,"Boyers, PA 16020",United States,(724) 735-4939,Not Provided,Not Provided,Not Provided,"Sam Tiche, Pres.",(724) 735-4939,Not Provided
Adirondack Natural Stone LLC,8986 US-4,"Whitehall, NY 12887",United States,(518) 499-0602,(518) 499-2670,Not Provided,Not Provided,"Megan Mullen, Sales",(518) 499-0602,Not Provided
BNSS Ltd.,19 Vtori Juni Blv.,"Vratsa, 3000",Bulgaria,359-882519827,Not Provided,Not Provided,Not Provided,Nikolai Bitunski,359882519827,Not Provided
Diasonic Co. Ltd.,"1007 Techno Town, 1141-1 Beksok-dong, Ilsan-gu","Goyang-shi, Gyounggi-do 410-722,",South Korea,(82) 31-909-8282,(82) 2-6008-6185,Not Provided,Not Provided,Not Provided,Not Provided,Not Provided
Achilli S.r.l.,Via Montescudo 148,"Rimini, 47924",Italy,39-0541387066,39-0541389058; (980) 236-8658,Not Provided,Not Provided,"Paola Rota, Commercial Dir.",390541387066,Not Provided
Cintec Reinforcement Systems,"38 Auriga Dr., Ste. 200","Nepean, ON K2E 8A5",Canada,(613) 225-3381,(613) 224-9042; (800) 461-1862,Not Provided,Not Provided,Robert Lloyd-Rees,(613) 225-3381,Not Provided
Dongshin Diamond Industrial Co.,"770 Daewon-ri, Jori-eup","Paju-si, 413-822",South Korea,82-31-943-7650,Not Provided,Not Provided,Not Provided,"Young Kim, Mgr.",(703) 401-0339,Not Provided
"Consolidated Diamond Blade Div., Hoffman Diamond Co.",121 Cedar St.,"Punxsutawney, PA 15767",United States,(814) 938-7600,(814) 938-7625,Not Provided,Not Provided,"Brian Mattern, Sales",(800) 440-4180,Not Provided
"Diamond Tool Store, USA","1335 Old Okeechobee Rd., Ste. 100","West Palm Beach, FL 33401",United States,(561) 833-8992,(561) 833-9092,Not Provided,Not Provided,"Sally Thedwall, Dir.",(561) 833-8992,Not Provided
Granite Pavers & Tiles Supplier,7 Coates Pl.,"Wetherill Park, 2164",Australia,Not Provided,Not Provided,Not Provided,Not Provided,Travis Head,1300-320-251,Not Provided
"Lexus Stones, Exports","374/4, Immavu Village, Chikkayyana Chatra Hobli, Nanjangud,","Mysore, 571302",India,Not Provided,Not Provided,Not Provided,Not Provided,"Saurav Agrawal, CEO",919482125848,Not Provided
"Custom Building Products, A QUIKRETE Co.",10422 Pioneer Blvd.,"Santa Fe Springs, CA 90670",United States,(800) 272-8786,Not Provided,https://www.custombuildingproducts.com,cbpcustsupport@cbpmail.net,Not Provided,Not Provided,Not Provided
"Bostik Inc., Consumer & Construction Business Unit",11320 W. Watertown Plank Rd.,"Wauwatosa, WI 53226",United States,(800) 726-7845,(414) 774-8075,Not Provided,Not Provided,"Rick Tredwell, Dist. Channel Sales Mgr.",(949) 340-0074,Not Provided
"M3 Technologies Inc., Majestic Stone Care Products",57 Lamberts Ln.,"Cohasset, MA 02025",United States,(781) 383-3134,(781) 383-3135,Not Provided,Not Provided,"Bob Murrell, Dir.-Oper.",(865) 607-0957,Not Provided
Alpha Professional Tools,"16 Park Dr., Ste. 9","Franklin, NJ 07416",United States,(800) 648-7229,(800) 286-0114; (201) 337-2216,Not Provided,Not Provided,"Mindy Wessel, Gen. Mgr.",(201) 337-3343,Not Provided
EST Devices LLC,3400 N. Graham St.,"Charlotte, NC 28206",United States,(888) 422-4445,Not Provided,Not Provided,Not Provided,"Cristina Septimio, Admin./Sales",(888) 422-4445,Not Provided
Granite Resources Inc,4218 Allenhurst Dr.,"Norcross, GA 30092",United States,(770) 335-9918,Not Provided,Not Provided,Not Provided,"Keith Hart, Pres.",(770) 335-9918,Not Provided
Dallas Specialty & Mfg. Co.,1161 Ruggles Dr.,"Grand Prairie, TX 75050",United States,(972) 641-8444,(972) 641-8488,Not Provided,Not Provided,"David Mercer, Mktg.",(972) 641-8444,Not Provided
BIHUI USA by Better Tools,4475 Infirmary Rd.,"Miamisburg, OH 45342",United States,(800) 798-6657,Not Provided,Not Provided,Not Provided,"Dan Brownfield, Mngng. Dir.",(800) 798-6557,Not Provided
Granite Countertop Warehouse,2595 Baker Rd.,"Acworth, GA 30101",United States,(678) 574-4116,Not Provided,Not Provided,Not Provided,"Manuel Lopez, CEO",Not Provided,Not Provided
Infinity Drain,145 Dixon Ave.,"Amityville, NY 11701",United States,(516) 767-6786,(516) 944-7743,Not Provided,Not Provided,Barbara Kratus-Stark,Not Provided,Not Provided
Earth Stone Worldwide,M 61 M Block Market Greater Kailash-2,"New Delhi, 110048",India,91-11-29215999,Not Provided,Not Provided,Not Provided,"Lokesh Arora, Mgr. Partner",919810010321,Not Provided
Dwyer Marble & Stone,23177 Commerce Dr.,"Farmington Hills, MI 48335",United States,(248) 476-4944,Not Provided,Not Provided,Not Provided,Not Provided,Not Provided,Not Provided
Ceramic Tile and Stone Consultants Inc.,P.O. Box 965,"Jamul, CA 91935-0965",United States,(619) 669-2967,(619) 669-2968,Not Provided,Not Provided,"Donato Pompo, Principal",(866) 669-1550,Not Provided
Marble and Granite Inc.,270 University Ave.,"Westwood, MA 02090",United States,(781) 407-9560,(781) 407-9580,Not Provided,Not Provided,"Jonathan Verrengia, Gen. Mgr.",(781) 407-9560,Not Provided
Jin Gwang Industries Co. Ltd. (ConfiAd),"11-13 Maejari-gil, Gwangju-si","Gyeonggi-do, 12798",South Korea,+82-31-767-8441,+82-31-767-8442,Not Provided,Not Provided,"Paul Kim (Kwangwon Kim), Dir.",82-31-767-8441,Not Provided
Marble & Stone Connection,36551 Ramona Rd.,"Palmdale, CA 93550",United States,(818) 217-9138,Not Provided,Not Provided,Not Provided,Not Provided,Not Provided,Not Provided
Kindred Outdoors and Surrounds,"3817 Ocean Ranch Blvd., Ste. 114","Oceanside, CA 92056",United States,(800) 925-1491,Not Provided,Not Provided,Not Provided,"Sarah Lograsso, Dir.-Mktg. and Product Design",(760) 736-3232,Not Provided
Maestro Surfaces LLC,2200 Lauder Rd.,"Houston, TX 77039",United States,(346) 200-5311,(281) 372-6097,Not Provided,Not Provided,"Herendida Estrada, Sales Mgr.",(832) 980-4168,Not Provided
Granite Mart Ltd.,"Sy. No. 161/162, Venkatapur Vlg., Brahmanpally Panchayat","Toopran Mandal (Hyderabad), Medak Dist. Telangana, 502334",India,91-40-43366084,91-40-43366086,Not Provided,Not Provided,"Mudit Agarwal, Dir.",919849983032,Not Provided
M S International,2095 N. Batavia St.,"Orange, CA 92865",United States,(714) 685-7500,(714) 685-7600,Not Provided,Not Provided,MSI Sales,Not Provided,Not Provided
"Intrepid Marble and Granite, Stone Supplier",4611 SE 26th Ave.,"Portland, OR 97202",United States,(503) 235-2010,Not Provided,Not Provided,Not Provided,"Drew Brandt, Pres.",(503) 235-2010,Not Provided
Florim USA,300 International Blvd.,"Clarksville, TN 37040",United States,(931) 401-6780,Not Provided,https://www.florimusa.com,info@florimusa.com,"Tamica Martin, Strategic Mktg. Mgr.",(931) 245-7703,tmartin@florimusa.com
Creative Granite & Design,1998 N. Redwood Rd.,"Salt Lake City, UT 84116",United States,(801) 886-0204,(801) 886-0208,Not Provided,Not Provided,"Ricardo Pazos, Pres.",(801) 671-1222,Not Provided
Divine Surfaces Private Ltd.,"Manjeera Majestic Commercial Rm. 607, KPHB JNTU Rd.","Hyderabad, 500072",India,919849983032,Not Provided,Not Provided,Not Provided,"Mudit Agarwal, Dir.",919849983032,Not Provided
Marmi Mantico S.r.l. di Fiorato Pietro & Figli Srl,"Via Piemonte, 1","37012 San Vito di Bussolengo, Verona, 37012",Italy,39-045-6766052,39-045-6577541,Not Provided,Not Provided,"Alessandra Lonardi, Export Resp.",00390456766052,Not Provided
Earthworks Inc.,4287 N. Hwy. 51,"Perryville, MO 63775",United States,(800) 887-4555,Not Provided,Not Provided,Not Provided,"Jeff Green, V.P.-Sales/Mktg.",(314) 306-3698,Not Provided
Eldorado Stone,"3817 Ocean Ranch Blvd., Ste. 114","Oceanside, CA 92056",United States,(800) 925-1491,Not Provided,Not Provided,Not Provided,"Sarah Lograsso, Dir.-Mktg. and Product Design",(760) 736-3232,Not Provided
Briare Tile Inc.,1385 Akron St.,"Copiague, NY 11726",United States,(631) 492-2195,(631) 492-2196,Not Provided,Not Provided,"J.C. Kergoat, Pres.",Not Provided,Not Provided
Elegance by NT Trading,220 Goffle Rd.,"Hawthorne, NJ 07506",United States,(973) 397-5353,Not Provided,Not Provided,Not Provided,Not Provided,Not Provided,Not Provided
"BVC Group Inc., Better Vacuum Cups","13841 Roswell Ave., Ste. K","Chino, CA 91710",United States,(877) 379-9909,Not Provided,Not Provided,Not Provided,"Jill McClaran, CFO",(909) 606-0140 x101,Not Provided
Decostone Design,227 E. Bristol Ln.,"Orange, CA 92865",United States,(714) 282-2626,Not Provided,Not Provided,Not Provided,Not Provided,Not Provided,Not Provided
Devonian Stone of New York Inc.,463 Atwell Hill Rd.,"Windsor, NY 13865",United States,(607) 655-2602,(607) 655-2626,Not Provided,Not Provided,"Peggy Rosenthal, Sales Mgr.",(607) 655-2602,Not Provided
Dutch Quality Stone,"3817 Ocean Ranch Blvd., Ste. 114","Oceanside, CA 92056",United States,(877) 359-7866,Not Provided,Not Provided,Not Provided,"Sarah Lograsso, Dir.- Mktg. and Product Design",(760) 736-3232,Not Provided
Granisa - Granitos de Atios SA,Poligono Industrial A Granxa,"Porrino, 36400",Spain,34-986346068,34-986-346361,Not Provided,Not Provided,"Julio Gavazza, Sales Mgr.-NA",(858) 558-8255,Not Provided
Cultured Stone,"3817 Ocean Ranch Blvd., Ste. 114","Oceanside, CA 92056",United States,(800) 255-1727,Not Provided,Not Provided,Not Provided,"Sarah Lograsso, Dir.-Mktg./Product Design",(760) 736-3232,Not Provided
Glittek Granites Ltd.,"Plot No. 42, KIADB Industrial Area","HOSKOTE, Bangalore District, Karnataka, 562114",India,9845041559,9844007122,Not Provided,Not Provided,"Tushar Agarwal, Managing Dir.",9880716789,Not Provided
American Business Software Inc.,"258 N West End Blvd., Ste. 157","Quakertown, PA 18951-2324",United States,(215) 253-3781,Not Provided,Not Provided,Not Provided,"Joe Flannick, Pres.",(215) 253-3781,Not Provided
"AKEMI GmbH, InnoChem LLC Member of the Akemi Group",6300 Button Gwinnett Dr.,"Atlanta, GA 30340",United States,(800) 316-3857,(770) 409-9096,Not Provided,Not Provided,Andrew Landis,(770) 409-8789,Not Provided
"MAPEI Corp., Tile & Stone Installation Systems",1144 E. Newport Center Dr.,"Deerfield Beach, FL 33442",United States,(800) 426-2734,(954) 246-8801,Not Provided,Not Provided,"Rod Sigman, MAPEI's Bus. Dev. Leader for MAPEI's UltraCare products",(954) 246-8888,Not Provided
Diamond Tec Enterprises,"2200 N.W. 32nd St., Ste. 400","Pompano Beach, FL 33069",United States,(954) 427-4010,(954) 427-4000,Not Provided,Not Provided,"Dan Viera, Mgr.",(954) 427-4010,Not Provided
"M&G Impex (India) Pvt Ltd., Granite Processing Unit","Sy.Nos.13,14 & 21, Kamandoddi Post Krishnagiri Dist., Hosur-635109","Tamilnadu, 635109",India,Not Provided,Not Provided,Not Provided,Not Provided,"Praveen Tekriwal, Managing Dir.",91-9845119978,Not Provided
CTS Sourcing,1317 Edgewater Dr. No. 5301,"Orlando, FL 32804",United States,(858) 558-8255,Not Provided,Not Provided,Not Provided,"Julio Gavazza, Pres.",(858) 558-8255,Not Provided
Laser Products Industries,1344 Enterprise Dr.,"Romeoville, IL 60446",United States,(877) 679-1300,(630) 679-1356,Not Provided,Not Provided,"JT Hoffmann, Sales Mgr.",(331) 444-9178,Not Provided
Eastern Marble & Granite Supply Inc.,2353 Beryllium Rd. P.O. Box 392,"Scotch Plains, NJ 07076",United States,(908) 789-6400,(908) 789-9555,Not Provided,Not Provided,"Thomas Donatelli, Pres.",(908) 789-6400,Not Provided
ECS Eich GmbH,Zur Dornheck 10,"Sinn, 35764",Germany,49-2772-5725-0,Not Provided,Not Provided,Not Provided,"Matthias Eich, CEO",49277257250,Not Provided
Eagle Leasing II LLC,22536 Laureldale Dr.,"Lutz, FL 33549",United States,(813) 428-5133,Not Provided,Not Provided,Not Provided,"Lee Mazur, Mgr.",(813) 428-5133,Not Provided
"Ernst J. Sorg Natural Stones - Natursteine EJS, Einkauf - Verkauf",Zehn Morgen 16 P.O. 1246,"Bad Friedrichshall, 74177",Germany,0049-7136-20051,0049-7136-910398,Not Provided,Not Provided,"Ernst Josef Sorg, Kfm.-Ing.",0049-0713620051,Not Provided
COCH Corp.,3245 S.E. Quay St.,"Port St. Lucie, FL 33147",United States,(772) 201-2243,Not Provided,Not Provided,Not Provided,"Gus Cabanela, Pres.",(772) 201-2243,Not Provided
Water Treatment Solutions,6 Merrill Industrial Dr.,"Hampton, NH 03842",United States,(603) 758-1900,Not Provided,http://www.watertreatmentonline.com,info@watertreatmentonline.com,"Anderson Laflamme, Dir.-Sales - Stone",(603) 758-1900,anderson@watertreatmentonline.com
Stone Boss Industries,"15-01 Pollitt Dr., Unit 2","Fair Lawn, NJ 07410",United States,(888) 868-2677,(201) 773-3810; (718) 267-1997,https://www.stoneboss.com,info@stoneboss.com,"Philip Major, Oper. Mgr.",(201) 254-2450,phil@stoneboss.com
Crossville Inc.,P.O. Box 1168,"Crossville, TN 38557",United States,(931) 484-2110,(931) 456-2956,Not Provided,Not Provided,"Larry Browder, V.P.-Sales",(931) 484-2110,Not Provided
Louis W. Mian Inc.,547 Rutherford Ave.,"Boston, MA 02129",United States,(617) 241-7900,(617) 241-5895,Not Provided,Not Provided,Jon Mian,(617) 241-7900 x123,Not Provided
Lundhs As,P.O. Box 2055 Stubberod,"Larvik, N-3255, 3255",Norway,47-33-121164,Not Provided,Not Provided,Not Provided,"Carol Eighmey, Bus. Dev. Exec.",(631) 521-3515,Not Provided
Leamar Industries Inc.,"171 Locke Dr., Ste. 114","Marlborough, MA 01752",United States,(508) 786-3088,(508) 786-0973,Not Provided,Not Provided,"Marcello Mallegni, Pres.",(508) 735-8079,Not Provided
Fordham Marble Co. Inc.,421 Fairfield Ave.,"Stamford, CT 06902",United States,(203) 348-5088,(203) 348-4458,Not Provided,Not Provided,"Mario Sardo, Pres.",(203) 348-5088,Not Provided
"Granite, Marble & Etc. Inc.","6401 Long Point, Ste. 600","Houston, TX 77055",United States,(713) 812-8600,(713) 812-8601,Not Provided,Not Provided,Wei Tian,(713) 812-8600,Not Provided
Belotti Tiles S.r.l.,Via Cherio 7,"Zandobbio, 24060",Italy,39-035-940060,39-035-942791,Not Provided,Not Provided,"Christian Hoeller, Gen. Mgr.",39035940060,Not Provided
Executive Stone Trading,7402 Varna Ave.,"North Hollywood, CA 91605",United States,(818) 765-0900,(818) 765-0999,Not Provided,Not Provided,"Noah Tal, Pres.",(818) 765-0900,Not Provided
"Bannari Amman Sugars Ltd., Granite Processing Div.",1212 Trichy Rd.,"Coimbatore, Tamilnadu, 641 018",India,91-422-2307272,91-422-2305599,Not Provided,Not Provided,"Ramesh Kumar, Chief Exec.",914222307272,Not Provided
Balke&Partner - The Stone Experts Alliance,"244 5th Ave., Ste. 1224","New York, NY 10001",United States,(646) 233-3470,Not Provided,Not Provided,Not Provided,"Markus Balke, CEO",(646) 401-0117,Not Provided
Delta Stone Products,2276 S. Daniels Rd.,"Heber City, UT 84032",United States,(435) 654-3336,(435) 654-0154,Not Provided,Not Provided,"Bryce Harding, Nat'l. Sales Mgr.",(435) 671-6688,Not Provided
A. Lacroix Granit,450 Principale,"St. Sebastien, QC G0Y 1M0",Canada,(819) 652-2828,(819) 652-2098,Not Provided,Not Provided,"Simon Lacroix, V.P.",(819) 652-2828 x227,Not Provided
Architessa,1803 Research Blvd,"Rockville, MD 20850",United States,(800) 287-1742,(301) 762-2497,Not Provided,Not Provided,"David Benson, Pres.",(301) 762-4140,Not Provided
Cosentino Group,"355 Alhambra Cir., Ste. 1000","Coral Gables, FL 33134",United States,(786) 686-5060,Not Provided,Not Provided,Not Provided,Marc Bergeron,Not Provided,Not Provided
Britannia Stone,"Clifton Works, Hillfoot Road","Sheffield, S3 8AA",United Kingdom,+441142061113,Not Provided,Not Provided,Not Provided,Luke Clarke,Not Provided,Not Provided
WarmlyYours Radiant Heating,590 Telser Rd.,"Lake Zurich, IL 60047",United States,(800) 875-5285,(800) 408-1100,Not Provided,Not Provided,"Elodie Pasek, Dir.- Bus. Dev.",(800) 875-5285 x838,Not Provided
Dee Brown Inc.,"1600 N. Collins Blvd., Ste. 3100","Richardson, TX 75080",United States,(214) 321-6443,(214) 328-1039; (214) 320-2399,Not Provided,Not Provided,"Ty Harding, Sr. V.P.-Estimating/Mktg.",(214) 321-6443,Not Provided
Visionmakers International LLC,1850 N. Higley Rd.,"Mesa, AZ 85205",United States,(480) 218-1500,Not Provided,Not Provided,Not Provided,"Lane Cook, Pres.",(480) 218-1500,Not Provided
Cumar Inc.,"69 Norman St., Ste. 4","Everett, MA 02149",United States,(617) 389-7818,(617) 389-1755,Not Provided,Not Provided,"Carlotta Cubi, Pres.",(617) 389-7818,Not Provided
CRG Stone,P.O. Box 770289,"Cleveland, OH 44107",United States,(216) 496-0463,Not Provided,Not Provided,Not Provided,"Cynthia Ramage, Owner",(216) 496-0463,Not Provided
"Virginia Mist Group, RED Graniti",11235 Muddy Bottom Ln.,"Rapidan, VA 22733",United States,(540) 661-0030,Not Provided,Not Provided,Not Provided,"Giuseppe Telara, Gen. Mgr.",(540) 661-0030,Not Provided
Connecticut Stone Supplies Inc.,138 Woodmont Rd.,"Milford, CT 06460",United States,(203) 882-1000,Not Provided,Not Provided,Not Provided,"Tyra Dellacroce, V.P.-Sales/Mktg.",(203) 882-1000,Not Provided
"Vickers Industrial Group, QUARTZ",16312 SW 43 Ter.,"Miami, FL 33185",United States,(786) 717-8874,Not Provided,Not Provided,Not Provided,David Mansur Jr.,(786) 717-8874,Not Provided
Castelli Marble Inc.,3958 Superior Ave.,"Cleveland, OH 44114",United States,(216) 361-1222,(216) 361-1797,Not Provided,Not Provided,"Giancarlo Castelli, Mktg.",(216) 361-1222,Not Provided
Citadel Stone,195 Gabalfa Ave.,"Cardiff, CF14 2HU",United Kingdom,Not Provided,Not Provided,Not Provided,Not Provided,Kareem,Not Provided,Not Provided
Vadara Quartz Surfaces,"4601 Spicewood Springs Rd., 1-100","Austin, TX 78759",United States,(844) 482-3272,Not Provided,Not Provided,Not Provided,"Lindsay Wiebrand, Mar Comm Mgr.",(866) 433-2229,Not Provided
Valentia Slate,Knightstown,"Valentia Island, V23 H685",Ireland,353-66-9476922,Not Provided,Not Provided,Not Provided,Ursula O' Shea,353669476922,Not Provided
Cactus Stone,401 S. 50th St.,"Phoenix, AZ 85034",United States,(602) 914-2202,(602) 914-2122,Not Provided,Not Provided,"Eric Butler, Client Serv.",(602) 914-2202,Not Provided
Brekhus Marble & Granite,123 Rio Grande Blvd.,"Denver, CO 80223",United States,(303) 494-9255,Not Provided,Not Provided,Not Provided,"Scott Polak, Sr. V.P.-Dev",(303) 494-9522,Not Provided
Uzin Utz North America Inc.,"14509 E. 33rd Pl., Unit G","Aurora, CO 80011",United States,(720) 374-4810,Not Provided,Not Provided,Not Provided,"Nick Derr, Technical Mgr. - UZIN Tile/Stone",(720) 365-6731,Not Provided
United Marble Fabricators,10 Munroe Ave.,"Watertown, MA 02472",United States,(617) 926-6226,(617) 926-6255,Not Provided,Not Provided,"John Kilfoyle, Pres.",(617) 926-6226,Not Provided
Brastile Inc.,110 N.E. 179 St.,"Miami, FL 33162",United States,(800) 881-1031,(305) 654-8956,Not Provided,Not Provided,"Joseph Battat, Pres.",(305) 653-8337,Not Provided
University of Ceramic Tile and Stone,P.O. Box 965,"Jamul, CA 91935",United States,(619) 669-2967,(619) 669-2968,Not Provided,Not Provided,"Donato Pompo, Founder",(866) 669-1550,Not Provided
Blue Stone Orlando,4853 E Irlo Bronson Memorial Hwy,"St Cloud, FL 34771",United States,(407) 649-0617,Not Provided,Not Provided,Not Provided,"Joseph Attenasio, Pres.",(407) 649-0617,Not Provided
UGM Surfaces,3555 S. Normal Ave.,"Chicago, IL 60609",United States,(773) 268-4500,Not Provided,Not Provided,Not Provided,Nate Steinheimer,(630) 984-4960,Not Provided
"Battaglia Inc./dba Paramount Quality Stone, Stone Importing",24200 Vermont Ave.,"Harbor City, CA 90710",United States,(310) 534-8884,(310) 534-8921,Not Provided,Not Provided,Not Provided,Not Provided,Not Provided
Bonstone Materials,707 Swan Dr.,"Mukwonago, WI 53149",United States,(800) 425-2214,(262) 363-9879,Not Provided,Not Provided,"Paul Klees, Sales Mgr.",(800) 425-2214,Not Provided
Turkish Ceramics/OAIB,Ceyhun Atuf Kansu Cad. No. 120,"Balgat Cankaya/Ankara, 06520",Turkey,903124472740,903124469605,Not Provided,Not Provided,Turkish Ceramics,903124472740,Not Provided
Arizona Tile,8829 S. Priest Dr.,"Tempe, AZ 85284",United States,(480) 893-9393,(480) 893-9390,Not Provided,Not Provided,"Beth Gaughan, V.P.-Sales/Mktg.",Not Provided,Not Provided
Andean Stone Co.,1050 E. 17th St.,"Hialeah, FL 33010",United States,(305) 883-0091,Not Provided,Not Provided,Not Provided,"John Terry, Pres.",(786) 525-1544,Not Provided
Trow & Holden Co. Inc.,45 S. Main St. P.O. Box 475,"Barre, VT 05641",United States,(802) 476-7221,(802) 476-7025,Not Provided,Not Provided,"Lauren LaMorte, V.P.",(802) 476-7221,Not Provided
Techniseal,300 ave Liberte,"Candiac, QC J5R 6X1",Canada,(800) 465-7325,(866) 933-3035,https://techniseal.com/pro_en_us/,lfortier@techniseal.com,"Felix Negrete, Reg'l. Sales Mgr.",(619) 417-9730,fnegrete@techniseal.com
ASL Stone,44796 Helm St.,"Plymouth, MI 48170",United States,(740) 927-6628,(740) 927-4529,Not Provided,Not Provided,"Jeremy Dunham, Managing Principal",(740) 927-6628,Not Provided
Tile Club,"2700 Mission College Blvd., Ste. 140, No. 246","Santa Clara, CA 95054",United States,(833) 845-3252,Not Provided,Not Provided,Not Provided,"Tina Tilerina, Pres.",(833) 845-3252,Not Provided
TexaStone Quarries,1400 Sherrod Rd. P.O. Box 38,"Garden City, TX 79739-0038",United States,(432) 348-7866,Not Provided,Not Provided,Not Provided,"Quade Weaver, Architectural Sales",(432) 348-7866,Not Provided
Bagnara S.p.A.,"Via Madonna del Riposo, 34","Appiano (BZ), 39057",Italy,390471662109,390471664704,Not Provided,Not Provided,"Niko Bagnara, CEO",390471662109,Not Provided
Nova Aurora Mármores e Granitos Ltda.,Cx. Postal 283,"Cachoeiro de Itapemirim, ES, 29300-970",Brazil,(55) 28-35260910,Not Provided,Not Provided,Not Provided,"Sonia Vieira Machado Secchin, Export Dir.",(55) 28-99985-3545,Not Provided
TABQUARTZ,"N.H. 7 Nallaganakothapally Village Krishnagiri Rd., Koneripalli P.O., Hosur Taluk","Tamil Nadu, 635117",India,91-4344-257-150/400/405,Not Provided,Not Provided,Not Provided,Amit Gupta,Not Provided,Not Provided
TAIMEI STONE CO. LTD.,"168 MOO9, TOMBON THA BUNMI, AMPHOE KOH CHAN","CHONBURI, 20240",Thailand,86- 13630157131,Not Provided,Not Provided,Not Provided,"Stella, sale mgr.",86-13630157131,Not Provided
Superior Stone Products,8580 Byron Commerce Dr.,"Byron Center, MI 49315",United States,(800) 493-5111,(616) 583-0176,Not Provided,Not Provided,"Ron Elliott, Sales/Mktg.",(616) 583-0171,Not Provided
Tatanka Stone Inc.,13525 A St.,"Omaha, NE 68144",United States,(402) 730-7411,Not Provided,Not Provided,Not Provided,"Justin Irwin, Owner",(402) 730-7411,Not Provided
New York Quarries Inc.,305 County Rte. 111,"Alcove, NY 12007",United States,(518) 756-3138,Not Provided,Not Provided,Not Provided,"Nancy OBrien, Pres.",(518) 756-3138,Not Provided
"North American Bluestone LLC, Double Axe Bluestone",P.O. Box 117,"Sidney, NY 13838",United States,(607) 369-2235,(607) 369-9577,Not Provided,Not Provided,"Robert M McDuffey, Member",(607) 369-2235,Not Provided
Nelson Wood Shims,"P.O. Box 395, 500 N.W. 3rd St.","Cohasset, MN 55721",United States,(800) 999-6770,Not Provided,Not Provided,Not Provided,"Jace Swanson, Acct. Mgr.",(218) 999-6770,Not Provided
MTE BridgeSaw,806 Karen Dr.,"Kingsville, MD 21087",United States,(877) 262-1500,Not Provided,Not Provided,Not Provided,"Estelle Page, G.M.",(877) 262-1500 x605,Not Provided
Mordenti Export S.r.l.,Via Fiume 107 - 19122 La Spezia Via Emanueli 15 - 19020 Vezzano Ligure (SP) Italy,"La Spezia, 19020",Italy,39-0187-992276,39-0187-991045,Not Provided,Not Provided,"Roberto Mordenti, Managing Dir.",0039-187-992276,Not Provided
Moraware,13125 Welcome Way,"Reno, NV 89511",United States,(866) 312-9273,(309) 414-1013,Not Provided,Not Provided,The Moraware Team,Not Provided,Not Provided
Monarch Metal Inc.,"1700 Ocean Ave., Ste. 2","Ronkonkoma, NY 11779",United States,(631) 750-3000,Not Provided,Not Provided,Not Provided,"Jarrod Behringer, Dir.-Sales",(631) 750-3000,Not Provided
MORE Surface Care,"4690 E. 2nd St., Ste. 6","Benicia, CA 94510",United States,(844) 404-6673,Not Provided,Not Provided,Not Provided,"Kelly Wolf, Dir.-Sales",(650) 350-0143,Not Provided
Milestone Imports,"1000 Cordova Pl., Ste. 31","Santa Fe, NM 87505",United States,(505) 989-1999,(505) 989-7121,Not Provided,Not Provided,Miles Chaffee,(505) 989-1999,Not Provided
"Minera Deisi S.A.C., Sales/Commercial Mgr.","Av. Jose Galvez Barrenechea 592, Of. 301","San Isidro, Lima 27, 27",Peru,51 998-373-152,Not Provided,Not Provided,Not Provided,"Jorge Perez-Wilson, Sales/Commercial Mgr.",51-998-373-152,Not Provided
Mextone Corp.,7168 S.W. 47th. St.,"Miami, FL 33155",United States,(305) 796-3953,Not Provided,Not Provided,Not Provided,Ricardo G Serrano,(305) 796-3953,Not Provided
Marshalltown,104 S. 8th Ave.,"Marshalltown, IA 50158",United States,(800) 888-0127,(800) 477-6341,Not Provided,Not Provided,"Jeff Pinnick, Dir.-Sales",(800) 987-6935,Not Provided
"Metropolitan Ceramics, Div. of Ironrock Inc.",1201 Millerton St. S.E. P.O. Box 9240,"Canton, OH 44711-9240",United States,(330) 484-8453,(330) 484-3584,Not Provided,Not Provided,"Dianne K. Young, Sales/Natl. Accts. Dir.",(877) 358-1970,Not Provided
Master Wholesale Inc.,520 S. Front,"Seattle, WA 98108",United States,(800) 938-7925,(206) 767-6772,Not Provided,Not Provided,"Krystina Gomez, Cust. Serv. Mgr.",(206) 767-6771,Not Provided
Microcranes Inc.,"10000 N.E. 7th Ave., Ste. 330-A","Vancouver, WA 98685",United States,(360) 768-5104,Not Provided,Not Provided,Not Provided,"Allan C., Sales",(360) 768-5104,Not Provided
Marmoelettromeccanica s.r.l.,"Via Flaminia km 41,400","Rignano Flaminio (RM), 00068",Italy,39-0761-5051,39-0761-508388,Not Provided,Not Provided,"Sanly Kyanian, Area Mgr.",393459116349,Not Provided
Marmo Meccanica S.p.A.,Via S. Ubaldo 20,"Monsano (AN), 60030",Italy,39-0731-60999,39-0731-605244,Not Provided,Not Provided,"Steve Collick, U.S. Dealer",(248) 990-1824,Not Provided
S-tilestone by Vesna Inc.,835 jmd,"Gurgaon, 122018",India,918130265252,Not Provided,Not Provided,Not Provided,"Neeraj Khandelwal, International Mktg. Dir.",0091-8130265252,Not Provided
Quality Marble & Granite,731 S. Taylor Ave.,"Ontario, CA 91761",United States,(909) 983-0655,Not Provided,Not Provided,Not Provided,"Evan Cohen, Pres.",(909) 983-0655,Not Provided
Structural Stone LLC - Fletcher Holdings LLC,285 Smith St.,"North Kingstown, RI 02852",United States,(401) 667-4969,(401) 667-5969; (401) 294-1220,Not Provided,Not Provided,"Angela Conte, Pres.",(401) 667-4969,Not Provided
RICHTER GEOLOGY PLLC,140 Range Rd.,"Windham, NH 03087",United States,(603) 231-7845,Not Provided,Not Provided,Not Provided,"Dorothy Richter, CPG, P.G., Pres.",(603) 231-7845,Not Provided
Rock Doctor Products,8333 Melrose Dr.,"Lenexa, KS 66214",United States,(913) 894-0288,(913) 894-0305,Not Provided,Not Provided,"Jim Gray, Pres.",(913) 894-0288,Not Provided
Richter India Pvt. Ltd.,"M 61, M Block Market, 2nd Fl. Greater Kailash-2","New Delhi, 110048",India,919810010321,Not Provided,Not Provided,Not Provided,"Lokesh Arora, Mg. Dir.",919810010321,Not Provided
QFloors,889 W. Baxter Dr.,"South Jordan, UT 84095",United States,(801) 563-0140,(801) 566-2528,Not Provided,Not Provided,"Colten Gines, Dir.-Sales",(801) 563-0140 x4,Not Provided
Stonetrade,"100 Romano Vineyard Way, Ste. 110","North Kingstown, RI 02852",United States,(401) 885-6608,Not Provided,Not Provided,Not Provided,Robert Andrews,(401) 885-6608,Not Provided
"Precision Retail Group, Manufacturing Plant","325 S. 5th St., Ste. 2","Emmaus, PA 18049",United States,(973) 380-0940,Not Provided,Not Provided,Not Provided,"Roy House, Managing Partner",(917) 913-0721,Not Provided
Stonecutters,2014 Lehigh Ave.,"Glenview, IL 60025",United States,(847) 657-9000,(847) 657-9300,Not Provided,Not Provided,"Martina Todorova, Sales",(847) 657-9000,Not Provided
PROVA® Tile Installation Products by M-D PRO,5720 Ambler Dr.,"Mississauga, ON L4W 2B1",Canada,(800) 565-6653,(905) 625-4249,Not Provided,Not Provided,"Clint Schnell, V.P.-Sales - U.S.",(717) 743-3805,Not Provided
Stone Warehouse Of Michigan,7235 19 Mile Rd.,"Sterling Heights, MI 48314",United States,(586) 991-6613,Not Provided,Not Provided,Not Provided,"Praveen Kothakota, Branch Mgr.",Not Provided,Not Provided
"Pokarna Ltd., Granite","105, Level 1, Surya Towers Sardar Patel Rd.","Secunderabad, Telangana, 500003",India,91-40-27896361,91-40-27842121,Not Provided,Not Provided,"Gautam Chand Jain, Chmn.",91-27897722,Not Provided
Lumberline Laser Inc.,"12119 N.E. 99th St., Ste. 2040","Vancouver, WA 98682",United States,(855) 686-3077,(360) 686-3033,Not Provided,Not Provided,"Hunter Clark, Pres.",(360) 686-3077,Not Provided
Stone Mart,"2249 Westbrooke Dr., Bldg. H","Columbus, OH 43228",United States,(614) 527-0257,(614) 527-7995,Not Provided,Not Provided,"Justin Horner, Outside Sales Rep.",Not Provided,Not Provided
Picco Engineering,"8611 Jane St., Ste. 200","Concord, ON L4K 2M6",Canada,(888) 772-0773,(905) 760-9699,Not Provided,Not Provided,Sarah Picco,(905) 760-9688,Not Provided
Platinum Silverstone Inc.,16 Amos Maynard Cir.,"Woodbridge, ON L4L 3B8",Canada,(416) 459-1037,Not Provided,Not Provided,Not Provided,"Anthony Guido, Pres.",(416) 459-1037,Not Provided
Stone Upon Stone,"179 -2945 Jacklin Rd. Kelly Rd., Ste. 236","Victoria, BC V9B 6J9",Canada,(250) 391-1198,Not Provided,Not Provided,Not Provided,Paul Davis,(250) 391-1198,Not Provided
Stone Forensics,232 So Huntington Ave.,"Melbourne, FL 32901",United States,(321) 514-6845,Not Provided,Not Provided,Not Provided,"Fred Hueston, Pres.",(321) 514-6845,Not Provided
Pelican Int'l.,6140 Ulmerton Rd.,"Clearwater, FL 33760",United States,(727) 388-9895,(727) 362-1281,Not Provided,Not Provided,"Dave Somori, Dir.-Sales/Mktg.",(727) 228-2604,Not Provided
Diamond Productions Ltd.,"4810 Jean Talon W., No. 418","Montreal, QC H4P 2N5",Canada,(800) 342-2523,(800) 342-2524; (514) 731-5611,Not Provided,Not Provided,Adam Steinberg,(800) 342-2523 x236,Not Provided
KS International Inc.,P.O. Box 8835,"Greenville, SC 29604",United States,(864) 370-9744,Not Provided,Not Provided,Not Provided,"Nancy Hamilton, Pres.",Not Provided,Not Provided
"Italdiamant USA Inc., Italdiamant S.p.A. (Italy)",1035 Old Middleton Rd. P.O. Box 1049,"Elberton, GA 30635",United States,(800) 807-0808,(706) 283-4814,Not Provided,Not Provided,"Alberto Fraccaro, CEO",(706) 567-0675,Not Provided
"Stone Equipment USA, USA",6727 N.W. 16th Terr. Las Vegas Meade av,"Ft. Lauderdale, NV 33309",United States,(336) 554-0429,Not Provided,Not Provided,Not Provided,"Leonardo malave, V.P.",(336) 554-0429,Not Provided
"Marble Tec Systems, Restoration","12550 W. Colfax Ave., Ste. 109","Lakewood, CO 80215",United States,(303) 390-0454,Not Provided,Not Provided,Not Provided,Not Provided,Not Provided,Not Provided
FILA Chemicals USA Corp.,"10800 N.W. 21st St., Ste. 170","Miami, FL 33172",United States,(305) 513-0708,Not Provided,Not Provided,Not Provided,"Jeff Moen, Dir.-Sales/Mktg. USA",(305) 513-0708,Not Provided
Ghines Group S.r.l.,Via Marecchiese 338,"Rimini, 47923",Italy,39-0541-751080,Not Provided,Not Provided,Not Provided,Ghines,00390541751080,Not Provided
Pangaea® Natural Stone Inc.,"1313 E. Maple St., Unit 668","Bellingham, WA 98225",United States,(888) 801-3266,Not Provided,Not Provided,Not Provided,"Sanjay Nikhanj, Pres. & CEO",(888) 801-3266,Not Provided
PB Marble Services Co.,15216 Hartsook St.,"Sherman Oaks, CA 91403",United States,(818) 783-3588,Not Provided,Not Provided,Not Provided,"Pini Barak, Owner",(818) 783-3588,Not Provided
Stone Depot USA,23740 Hwy. 6,"Alvin, TX 77511",United States,(281) 771-1511,Not Provided,Not Provided,Not Provided,"Oliver Smith, Bus. Mgr.",(281) 771-1511,Not Provided
Stone Dimensions,W237 N2872 Woodgate Rd.,"Pewaukee, WI 53072",United States,(262) 720-3496,Not Provided,Not Provided,Not Provided,"Hunter Phillips, Mktg. Mgr.",(262) 720-3496,Not Provided
Panel Processing Inc.,1030 Devere Dr.,"Alpena, MI 49707",United States,(989) 356-9007,(989) 356-9000,Not Provided,Not Provided,"Tim Witucki, Sr. Acct. Mgr.",(800) 433-7142,Not Provided
Stone Depot,"Pope John Paul II Ave., Corner Golam Dr. Kasambagan","Cebu City, 6000",Philippines,63-32-272-4462,Not Provided,Not Provided,Not Provided,Miguel Aquino,63 32 272 4462,Not Provided
SL-Laser Systems LLC,2406 Dunavant St.,"Charlotte, NC 28203",United States,(704) 561-9990,Not Provided,Not Provided,Not Provided,"Scott McDonald, Prod. Mgr.",(704) 996-8797,Not Provided
Pander Enterprise a brand of Christian Hoeller,Mariatrosterstrasse 111/6,"Graz, 8043",Austria,436644108932,Not Provided,Not Provided,Not Provided,"Christian Hoeller, Managing Dir.",436644108932,Not Provided
Sparkle Gems Exotic,"406,Shyamak, Opp. Polytechnic, Ambawadi Ahmedabad","Ahmedabad, 380015",India,919825007282,Not Provided,Not Provided,Not Provided,"Seema Parimu Mehta, CEO",919825007282,Not Provided
Stone Centre,7 Coates Pl.,"Wetherill Park, 2164",Australia,61290904862,Not Provided,Not Provided,Not Provided,Travis,61290904862,Not Provided
"OO International, Building Materials - Granite Stones",2-91/10 Whitefields,"Kondapur, Hyderabad, 500084",India,91-79010-01010,Not Provided,Not Provided,Not Provided,"Avinash Julakanti, Founder/CEO",917901001010,Not Provided
Onyx France Inc.,10 S. Bradley Rd.,"Woodbridge, CT 06525",United States,(203) 389-8833,Not Provided,Not Provided,Not Provided,"Marjaun Donah, Mktg. Exec./Prod. Dev.",(203) 389-8833,Not Provided
SKM Industries Inc.,1012 Underwood Rd. P.O. Box 278,"Olyphant, PA 18447",United States,(570) 383-3062 x123,(570) 383-9482,Not Provided,Not Provided,"ashley@skmproducts.com, Sales Support Mgr.",(570) 383-3062 x105,Not Provided
Schluter-Systems L.P.,194 Pleasant Ridge Rd.,"Plattsburgh, NY 12901-5841",United States,(800) 472-4588,(800) 477-9783; (877) 667-2410,Not Provided,Not Provided,Not Provided,Not Provided,Not Provided
Siloam Stone Inc.,315 N. 7th St.,"Canon City, CO 81212",United States,(719) 275-4275,(719) 275-9050,Not Provided,Not Provided,"Matthew Mueller, Gen. Mgr.",(719) 275-4275,Not Provided
SGM Inc.,1502 S.W. 2nd Pl.,"Pompano Beach, FL 33069",United States,(954) 943-2288,(954) 943-2402,Not Provided,Not Provided,"Robert Pritchard, Gen. Sales Mgr.",(800) 641-9247,Not Provided
BK Diamond Products Co.,"Renaissance Tower, Ste. 910 14 Mallijae Ro, Mapo-Gu","Seoul, 04195",South Korea,82-2-3272-5907,82-2-719-4632,Not Provided,Not Provided,"Charles Lee, Pres.",82-2-3272-5907,Not Provided
"Schechner Lifson Corp., Rocks Insurance Div.",4 Chatham Rd.,"Summit, NJ 07901",United States,(800) 475-0826,(908) 598-7880,Not Provided,Not Provided,"Marc Rosenkrantz, Pres.",(908) 598-7800,Not Provided
Sati Granites India Pvt. Ltd.,"C8, Kudremukh Colony Koramangala 2nd Block, Sarjapura Rd,","Bangalore, 560034",India,00918100888222,Not Provided,Not Provided,Not Provided,"Pankaj Chaudhary, Dir.",00918100888222,Not Provided
Diamax Industries Inc.,"949 W. Marietta St. N.W., Ste. X100","Atlanta, GA 30318",United States,(888) 449-0502,(404) 817-3234,Not Provided,Not Provided,"Joaquin Lara, Mktg.",(404) 817-3232,Not Provided
Bavelloni SpA,"Via G. Natta, 16","Lentate sul Seveso (MB), 20823",Italy,39-0362-682201,Not Provided,Not Provided,Not Provided,"Walter Schlup, Sr. V.P.",(336) 299-8300,Not Provided
Domain Industries Inc.,P.O. Box 17066,"Austin, TX 78760",United States,(866) 385-7775 x711,(866) 385-5400,Not Provided,Not Provided,John Matthews,(866) 385-7775 x732,Not Provided
Groves Inc.,818 Trakk Ln.,"Woodstock, IL 60098",United States,(800) 991-2120,(815) 338-8640,Not Provided,Not Provided,"Jesse Moy, Sr. V.P.-Sales",(800) 991-2120,Not Provided
Ernest Maier,4700 Annapolis Rd.,"Bladensburg, MD 20710",United States,(301) 927-8300,Not Provided,Not Provided,Not Provided,Ernest Maier,(301) 927-8300,Not Provided
Apex Equipment International Inc.,8986 Rte. 4,"Whitehall, NY 12887",United States,(518) 499-0602,(518) 499-2670,Not Provided,Not Provided,"Dana Grant, Steinex Sales-Parts/Serv.",(518) 499-0602,Not Provided
"Conveyor Components Co., Material Control Inc.",130 Seltzer Rd. P.O. Box 167,"Croswell, MI 48422",United States,(800) 233-3233,(810) 679-4510,Not Provided,Not Provided,"Rich Washkevich, Sales Mgr.",Not Provided,Not Provided
Zucchi Luxury Stones,"Rua Santo Antônio, 124 São Francisco","Serra - ES, 29175-217",Brazil,55-27-3243-9666,55-27-3243-9699,Not Provided,Not Provided,"Leonardo Pellegrino, Sales Dir.",5527988289809,Not Provided
Wood's Powr-Grip Co. Inc.,908 W. Main St. P.O. Box 368,"Laurel, MT 59044-0368",United States,(800) 548-7341,(406) 628-8354,Not Provided,Not Provided,"Barry Wood, V.P.-Mktg.",(406) 628-8231,Not Provided
Yurtbay Seramik USA Inc.,"4220 Steve Reynolds Blvd., Ste.15","Norcross, GA 30093",United States,(470) 375-7570,(470) 375-7576,Not Provided,Not Provided,"Semih Susleyen, GM",(470) 375-7570,Not Provided
ZipWall Dust Barrier System,37 Broadway,"Arlington, MA 02474",United States,(800) 718-2255,(781) 648-8806,Not Provided,Not Provided,"Doreen Bouvier, Cust. Serv. Mgr.",(800) 718-2255 x220,Not Provided
Marmo Meccanica NA,1590 E. Highwood,"Pontiac, MI 48340",United States,(248) 853-9000,Not Provided,Not Provided,Not Provided,Steven Collick,(248) 990-1824,Not Provided
"Eden Stone Co., 0400",W4520 Lime Rd.,"Eden, WI 53019",United States,(920) 477-2521,(920) 477-7000,Not Provided,Not Provided,"Bryan Frankovis, Sales/Estimating",(920) 946-9238,Not Provided
dauter stone,5230 1st St S.W.,"Calgary, AB T2H 0C8",Canada,(403) 253-3738,Not Provided,Not Provided,Not Provided,"Mitchell, Sales",(403) 253-3738,Not Provided
Apollo Stone Imports Inc.,"767 Lincoln Ave., Ste. 8","San Rafael, CA 94901",United States,(415) 482-0303,Not Provided,Not Provided,Not Provided,"Dimitri Charalambous, Pres.",(415) 482-0303,Not Provided
Ceramics of Italy,Viale Monte Santo 40,"Sassuolo (MO), 41049",Italy,390536818111,390536807935,Not Provided,Not Provided,Donato Grosser,(347) 462-2106 x347,Not Provided
Franken-Schotter GmbH & Co. KG,Hungerbachtal 1,"Treuchtlingen-Dietfurt, 91757",Germany,(49) 0-9142-802-0,(49) 0-9142-802-10,Not Provided,Not Provided,"Jonah Wurzer-Kinsler, Sales Mgr., N. America",(49) 160-361-6537,Not Provided
Colorado Stone Quarries,1734 Hwy. 50E,"Delta, CO 81416",United States,(970) 874-6118,Not Provided,Not Provided,Not Provided,"Giuseppe Telara, Gen. Mgr.",(970) 874-6118,Not Provided
Grupo Vitoria Stone,"Rua Atalydes Moreira de Souza, s/n Lotes 11/12, CIVIT I","Serra - ES, 29168",Brazil,55-27-3038-9366,55-27-3038-9399,Not Provided,Not Provided,Not Provided,Not Provided,Not Provided
Brothers in Granite,"Rua E, 842, Galpao 1, Civit 1,","Serra, ES - Brasil - 29168-040,",Brazil,(310) 742-6299,55-27-3314-3257,Not Provided,Not Provided,"Fernando Xavier, Owner",(262) 271-6428,Not Provided
"The International Surface Event (TISE): SURFACES | StonExpo | TileExpo, Informa Markets","222 W. Las Colinas Blvd., Ste. 450E","Irving, TX 75039",United States,(972) 536-6300,Not Provided,https://intlsurfaceevent.com,info@tisewest.com,"Michelle Swayze, Sr. Mktg.",(972) 536-6300,michelle.swayze@informa.com
SIKA USA Inc.,201 Polito Ave.,"Lyndhurst, NJ 07071",United States,(201) 933-8800,Not Provided,https://www.sika-usa.com,info@sika-usa.com,"Phillip Hall, Mktg. Comm. Mgr.",(213) 446-9100,phillip.hall@parexusa.com
Quattrolifts,1210 Kona Dr.,"Compton, CA 90220",United States,Not Provided,Not Provided,https://quattrolifts.com,Not Provided,"Chip Olson, Sales",(301) 748-7127,chip@quattrolifts.com
Natural Stone Institute,380 E. Lorain St.,"Oberlin, OH 44074-1252",United States,(440) 250-9222,(440) 774-9222,https://www.naturalstoneinstitute.org,info@naturalstoneinstitute.org,"Jim Hieb, CEO",(440) 250-9222,jim@naturalstoneinstitute.org
Natural Stone Council,P.O. Box 539,"Hollis, NH 03049",United States,(978) 796-5041,(978) 796-5041,https://www.naturalstonecouncil.org,dukepointer@naturalstonecouncil.org,"Duke Pointer, Exec. Dir.",(978) 796-5041,dukepointer@naturalstonecouncil.org
Independent Limestone Co. LLC,P.O. Box 26,"Clear Creek, IN 47426-0026",United States,(812) 824-6588,(812) 824-7405,https://www.independentlimestone.com,info@ilc1927.com,"Brian Smith, Gen. Mgr.",(812) 824-6588 Office,info@ilc1927.com
